step,loss
25,1.090900
50,0.882900
75,0.815400
100,0.750500
124,0.743000
