step,loss
25,1.149600
50,0.996700
75,0.972300
100,0.926100
