step,loss
25,1.081100
50,0.930400
