checkpoint,n_total,json_validity_rate,schema_compliance_rate,exact_match_rate,field_f1_mean
0,100,0.48,0.45,0.11,0.12833333333333333
1,100,0.58,0.53,0.12,0.115
2,100,0.56,0.51,0.12,0.12833333333333333
