checkpoint,n_total,rouge1,rouge2,rougeL,bertscore_f1,avg_output_length,task_completion_rate
2,150,0.41475126934835854,0.2051420636521999,0.28250211672136016,0.8231632113456726,201.36666666666667,0.9333333333333333
