checkpoint,n_total,rouge1,rouge2,rougeL,bertscore_f1,avg_output_length,task_completion_rate
2,150,0.41300787660907656,0.20255587736945177,0.2808994774845883,0.8238794207572937,200.39333333333335,0.94
