checkpoint,n_total,rouge1,rouge2,rougeL,bertscore_f1,avg_output_length,task_completion_rate
2,150,0.41499812128061,0.2025522361077984,0.28317765317528765,0.8231217265129089,197.16,0.9333333333333333
