{
  "checkpoint": 2,
  "n_total": 150,
  "rouge1": 0.41475126934835854,
  "rouge2": 0.2051420636521999,
  "rougeL": 0.28250211672136016,
  "bertscore_f1": 0.8231632113456726,
  "avg_output_length": 201.36666666666667,
  "task_completion_rate": 0.9333333333333333
}